{
    "Khandsa": [
        28.4533282,
        77.0195396
    ],
    "Central Secretariat": [
        28.6158794,
        77.2122822
    ],
    "Ghitorni Village": [
        28.4931214,
        77.1424868
    ],
    "AIIMS": [
        28.5668602,
        77.2078058
    ],
    "Vaishali": [
        25.7491703,
        85.3972164
    ],
    "Mayur Vihar": [
        28.6098555,
        77.2926318
    ],
    "Udyog Bhawan": [
        28.6126506,
        77.211843
    ],
    "Malviya Nagar": [
        28.5339201,
        77.2124474
    ],
    "Madipur": [
        28.6764752,
        77.1193599
    ],
    "Jama Masjid": [
        28.6506822,
        77.232961
    ],
    "IGI Airport": [
        28.5564626,
        77.0866995
    ],
    "Punjabi Bagh": [
        28.672995,
        77.1461239
    ],
    "Greater Noida": [
        28.4670734,
        77.5137649
    ],
    "Tis Hazari": [
        28.6671626,
        77.2166306
    ],
    "Noida Sector 18": [
        28.5707583,
        77.3260756
    ],
    "Kanhaiya Nagar": [
        28.6824082,
        77.1647754
    ],
    "Okhla": [
        28.5636616,
        77.2890546
    ],
    "Faridabad Sector 15": [
        28.4031478,
        77.3105561
    ],
    "Mundka": [
        28.6824341,
        77.0305741
    ],
    "DLF City Court": [
        28.4956927,
        77.0912123
    ],
    "Nirman Vihar": [
        28.6364592,
        77.2868145
    ],
    "New Delhi Railway Station": [
        28.6402816,
        77.2204103
    ],
    "Civil Lines Gurgaon": [
        28.4616851,
        77.0339023
    ],
    "Seelampur": [
        28.6698165,
        77.2668137
    ],
    "Vinobapuri": [
        28.565871,
        77.2492973
    ],
    "Sultanpur": [
        26.2604732,
        82.2380532
    ],
    "Dilshad Garden": [
        28.6758864,
        77.321446
    ],
    "Aya Nagar": [
        28.476491,
        77.1329132
    ],
    "MG Road": [
        12.9755264,
        77.6067902
    ],
    "Jasola": [
        28.5427353,
        77.2913342
    ],
    "Kashmere Gate": [
        28.6668141,
        77.2290549
    ],
    "Tughlakabad": [
        28.5025432,
        77.2993825
    ],
    "Cyber Hub": [
        28.4951011,
        77.0885127
    ],
    "Vidhan Sabha": [
        26.8437815,
        80.9441908
    ],
    "Anand Vihar": [
        28.6468336,
        77.3158749
    ],
    "Uttam Nagar": [
        28.6215226,
        77.0611064
    ],
    "Model Town": [
        28.707334,
        77.1885231
    ],
    "Ghitorni": [
        28.4931214,
        77.1424868
    ],
    "Rajiv Nagar": [
        20.2507628,
        85.7826009
    ],
    "Sohna Road": [
        28.4542916,
        77.0296603
    ],
    "Lajpat Nagar": [
        28.5660924,
        77.2432851
    ],
    "Moolchand": [
        28.5644044,
        77.2342555
    ],
    "INA Market": [
        28.5744076,
        77.2102415
    ],
    "IIT Delhi": [
        28.5449971,
        77.1891506
    ],
    "Munirka": [
        28.554886,
        77.1710841
    ],
    "IGNOU Road": [
        28.5159032,
        77.2056737
    ],
    "Meerut": [
        29.0018557,
        77.7679671
    ],
    "Akshardham": [
        28.6125167,
        77.2773184
    ],
    "IMT Manesar": [
        28.3671851,
        76.920669
    ],
    "Azadpur": [
        28.7057821,
        77.1819488
    ],
    "Sikanderpur": [
        28.4812716,
        77.0930017
    ],
    "Rohini West": [
        28.7149569,
        77.115385
    ],
    "Mandi House": [
        28.6256122,
        77.2341966
    ],
    "Shastri Nagar": [
        28.6700885,
        77.1818589
    ],
    "Kashmere Gate ISBT": [
        28.6686963,
        77.2304228
    ],
    "Rohini": [
        28.7162092,
        77.1170743
    ],
    "Maidan Garhi": [
        28.4987734,
        77.1944475
    ],
    "Yamuna Bank": [
        28.6233124,
        77.268013
    ],
    "Khan Market": [
        28.5995141,
        77.2259785
    ],
    "Pragati Maidan": [
        28.6172378,
        77.2434616
    ],
    "Mansarovar Park": [
        28.675385,
        77.3008678
    ],
    "Rithala": [
        28.7208064,
        77.1071813
    ],
    "Shastri Park": [
        28.6684339,
        77.2505301
    ],
    "Saidulajab": [
        28.5204237,
        77.2022859
    ],
    "Tilak Nagar": [
        28.6365482,
        77.0964961
    ],
    "DLF Phase 3": [
        28.4919048,
        77.0937804
    ],
    "Laxmi Nagar": [
        28.6305974,
        77.277523
    ],
    "Huda City Centre": [
        28.4593429,
        77.0726571
    ],
    "Mehrauli": [
        28.5218262,
        77.1783232
    ],
    "Botanical Garden": [
        28.5639051,
        77.3338373
    ],
    "Karol Bagh": [
        28.6529982,
        77.1890227
    ],
    "Ramesh Nagar": [
        28.6527444,
        77.1316496
    ],
    "India Gate": [
        28.6129332,
        77.2294928
    ],
    "Barakhamba Road": [
        28.6274728,
        77.2290451
    ],
    "Gurgaon Sector 56": [
        28.4252244,
        77.0992377
    ],
    "Ashram": [
        28.5724231,
        77.2585979
    ],
    "Gurgaon Sector 29": [
        28.4740484,
        77.0713285
    ],
    "Shahdara": [
        28.6758661,
        77.2985078
    ],
    "Basai Dhankot": [
        28.4645841,
        76.9828171
    ],
    "Udyog Vihar Phase 4": [
        28.4971745,
        77.0813511
    ],
    "Raj Nagar Extension": [
        26.898316,
        75.7759015
    ],
    "Nawada": [
        24.8173249,
        85.5179085
    ],
    "Lok Kalyan Marg": [
        28.5973513,
        77.2110967
    ],
    "Greater Kailash": [
        28.5419077,
        77.2384925
    ],
    "Sarojini Nagar": [
        28.575817,
        77.1980786
    ],
    "Palam Vihar": [
        28.4983353,
        77.0203007
    ],
    "GTB Nagar": [
        28.6981333,
        77.2063998
    ],
    "Adarsh Nagar": [
        28.7165805,
        77.1704223
    ],
    "Golf Course Road": [
        10.9204695,
        77.0196215
    ],
    "Ghaziabad": [
        28.7749966,
        77.4586967
    ],
    "Narsinghpur": [
        22.934556,
        79.0867849
    ],
    "Panchsheel Park": [
        28.5423747,
        77.2210916
    ],
    "Badarpur": [
        28.4932633,
        77.3030303
    ],
    "Dwarka Sector 21": [
        28.5519218,
        77.0585605
    ],
    "Gwal Pahari": [
        28.4326344,
        77.1480585
    ],
    "Tagore Garden": [
        28.6437265,
        77.11282
    ],
    "Samaypur Badli": [
        28.7446411,
        77.1382701
    ],
    "Hero Honda Chowk": [
        28.7404709,
        77.1658628
    ],
    "Delhi Gate": [
        28.6392174,
        77.2407795
    ],
    "Jor Bagh": [
        28.5865094,
        77.2125273
    ],
    "Shivaji Park": [
        19.0272788,
        72.8383977
    ],
    "Rajiv Chowk": [
        28.6314022,
        77.2193791
    ],
    "Panipat": [
        29.3912753,
        76.9771675
    ],
    "Keshav Puram": [
        28.6889264,
        77.1616833
    ],
    "Jhilmil": [
        28.6757197,
        77.3123949
    ],
    "ITO": [
        28.6281909,
        77.2410437
    ],
    "Indraprastha": [
        28.6206019,
        77.249551
    ],
    "Janakpuri": [
        28.6219272,
        77.0874757
    ],
    "Pitampura": [
        28.6995123,
        77.1301047
    ],
    "Vatika Chowk": [
        26.8719028,
        80.912615
    ],
    "Govindpuri": [
        26.4536771,
        80.312879
    ],
    "Welcome": [
        28.6717907,
        77.2778473
    ],
    "Noida Extension": [
        28.6063158,
        77.432198
    ],
    "Indirapuram": [
        28.6423908,
        77.3684892
    ],
    "Sadar Bazar Gurgaon": [
        28.4608629,
        77.0292838
    ],
    "Noida Sector 62": [
        28.6169861,
        77.3735885
    ],
    "Preet Vihar": [
        28.6414176,
        77.2952819
    ],
    "Kadarpur": [
        24.2015553,
        77.7437817
    ],
    "Kalkaji": [
        28.5469476,
        77.258801
    ],